{
  "beige": {
    "precision": 0.38372093023255816,
    "recall": 0.36666666666666664,
    "f1-score": 0.375,
    "support": 90.0
  },
  "black": {
    "precision": 0.7777777777777778,
    "recall": 0.8850574712643678,
    "f1-score": 0.8279569892473119,
    "support": 87.0
  },
  "blue": {
    "precision": 0.9316770186335404,
    "recall": 0.9433962264150944,
    "f1-score": 0.9375,
    "support": 159.0
  },
  "brown": {
    "precision": 0.753968253968254,
    "recall": 0.7851239669421488,
    "f1-score": 0.7692307692307693,
    "support": 121.0
  },
  "gold": {
    "precision": 0.4074074074074074,
    "recall": 0.4888888888888889,
    "f1-score": 0.4444444444444444,
    "support": 45.0
  },
  "green": {
    "precision": 0.9491525423728814,
    "recall": 0.9256198347107438,
    "f1-score": 0.9372384937238494,
    "support": 121.0
  },
  "grey": {
    "precision": 0.6842105263157895,
    "recall": 0.5652173913043478,
    "f1-score": 0.6190476190476191,
    "support": 92.0
  },
  "orange": {
    "precision": 0.8888888888888888,
    "recall": 0.8421052631578947,
    "f1-score": 0.8648648648648649,
    "support": 114.0
  },
  "pink": {
    "precision": 0.912621359223301,
    "recall": 0.912621359223301,
    "f1-score": 0.912621359223301,
    "support": 103.0
  },
  "purple": {
    "precision": 0.9727272727272728,
    "recall": 0.9304347826086956,
    "f1-score": 0.9511111111111111,
    "support": 115.0
  },
  "red": {
    "precision": 0.8873239436619719,
    "recall": 0.9264705882352942,
    "f1-score": 0.9064748201438849,
    "support": 136.0
  },
  "silver": {
    "precision": 0.5476190476190477,
    "recall": 0.5974025974025974,
    "f1-score": 0.5714285714285714,
    "support": 77.0
  },
  "tan": {
    "precision": 0.4457831325301205,
    "recall": 0.43023255813953487,
    "f1-score": 0.4378698224852071,
    "support": 86.0
  },
  "white": {
    "precision": 0.7978723404255319,
    "recall": 0.872093023255814,
    "f1-score": 0.8333333333333334,
    "support": 86.0
  },
  "yellow": {
    "precision": 0.9821428571428571,
    "recall": 0.8870967741935484,
    "f1-score": 0.9322033898305084,
    "support": 124.0
  },
  "accuracy": 0.7917737789203085,
  "macro avg": {
    "precision": 0.7548595532618133,
    "recall": 0.7572284928272626,
    "f1-score": 0.7546883725409852,
    "support": 1556.0
  },
  "weighted avg": {
    "precision": 0.794650573344189,
    "recall": 0.7917737789203085,
    "f1-score": 0.7920626988982803,
    "support": 1556.0
  }
}