epoch,time,train/loss,metrics/accuracy_top1,metrics/accuracy_top5,val/loss,lr/pg0,lr/pg1,lr/pg2
1,483.025,2.42104,0.41404,0.78128,1.85187,0.00332656,0.00332656,0.00332656
2,783.728,1.86213,0.46592,0.84028,1.66245,0.00659396,0.00659396,0.00659396
3,1083.61,1.7459,0.51272,0.85249,1.53947,0.00979536,0.00979536,0.00979536
4,1387.67,1.82858,0.48932,0.85453,1.59068,0.009703,0.009703,0.009703
5,1695.55,1.73336,0.50865,0.84537,1.59567,0.009604,0.009604,0.009604
6,2002.27,1.64936,0.53204,0.88606,1.42215,0.009505,0.009505,0.009505
